date,startTime,endTime,court,format,skillLevel,registered,capacity,pricePerPlayer,playerNames
2025-10-01,06:00,07:30,Court 1,OPEN_PLAY,ALL_LEVELS,7,8,15,"Alex Rivera; Sarah Mitchell; James Wilson; Rachel Kim; Emma Johnson; Tom Rivera; Kevin Lee"
2025-10-01,06:00,07:30,Court 2,OPEN_PLAY,ALL_LEVELS,8,8,15,"Lisa Park; David Brown; Chris Taylor; Anna Garcia; Mike Chen; Sophie Taylor; Mark Johnson; Donna Johnson"
2025-10-01,08:00,09:30,Court 1,CLINIC,BEGINNER,6,12,25,"Nora Morgan; Jake Rodriguez; Zoey Reed; Charlotte Davis; Brandon Hall; Megan Scott"
2025-10-01,08:00,09:30,Court 3,DRILL,INTERMEDIATE,5,8,20,"Sarah Mitchell; James Wilson; Rachel Kim; Alex Rivera; Mike Chen"
2025-10-01,10:00,11:30,Court 2,OPEN_PLAY,ALL_LEVELS,4,8,15,"Emma Johnson; David Brown; Lisa Park; Tom Rivera"
2025-10-01,12:00,13:30,Court 4,LEAGUE_PLAY,ADVANCED,8,8,12,"James Wilson; Rachel Kim; Alex Rivera; Sarah Mitchell; Chris Taylor; Mike Chen; Mark Johnson; Sophie Taylor"
2025-10-01,17:00,18:30,Court 1,OPEN_PLAY,ALL_LEVELS,8,8,15,"Kevin Lee; Anna Garcia; Donna Johnson; Jake Rodriguez; Nora Morgan; Brandon Hall; Megan Scott; Zoey Reed"
2025-10-01,17:00,18:30,Court 2,OPEN_PLAY,ALL_LEVELS,6,8,15,"Tom Rivera; Emma Johnson; David Brown; Lisa Park; Charlotte Davis; Chris Taylor"
2025-10-01,18:30,20:00,Court 3,SOCIAL,ALL_LEVELS,10,16,10,"Alex Rivera; Sarah Mitchell; James Wilson; Rachel Kim; Emma Johnson; Kevin Lee; Anna Garcia; Mark Johnson; Sophie Taylor; Donna Johnson"
2025-10-02,06:00,07:30,Court 1,OPEN_PLAY,ALL_LEVELS,5,8,15,"Sarah Mitchell; James Wilson; Mike Chen; Rachel Kim; Chris Taylor"
2025-10-02,08:00,09:30,Court 2,CLINIC,BEGINNER,8,12,25,"Nora Morgan; Jake Rodriguez; Charlotte Davis; Zoey Reed; Brandon Hall; Megan Scott; Donna Johnson; Kevin Lee"
2025-10-02,10:00,11:30,Court 1,DRILL,INTERMEDIATE,4,8,20,"Alex Rivera; Sarah Mitchell; James Wilson; Rachel Kim"
2025-10-02,12:00,13:30,Court 3,OPEN_PLAY,ALL_LEVELS,3,8,15,"Tom Rivera; Emma Johnson; Lisa Park"
2025-10-02,17:00,18:30,Court 1,OPEN_PLAY,ALL_LEVELS,8,8,15,"Kevin Lee; Anna Garcia; David Brown; Chris Taylor; Mark Johnson; Sophie Taylor; Jake Rodriguez; Nora Morgan"
2025-10-02,17:00,18:30,Court 2,OPEN_PLAY,ALL_LEVELS,7,8,15,"Alex Rivera; Sarah Mitchell; James Wilson; Rachel Kim; Mike Chen; Emma Johnson; Tom Rivera"
2025-10-02,18:30,20:00,Court 4,LEAGUE_PLAY,ADVANCED,8,8,12,"James Wilson; Rachel Kim; Alex Rivera; Sarah Mitchell; Chris Taylor; Mike Chen; Mark Johnson; David Brown"
2025-10-03,06:00,07:30,Court 1,OPEN_PLAY,ALL_LEVELS,6,8,15,"Sarah Mitchell; Rachel Kim; Emma Johnson; Tom Rivera; Lisa Park; Kevin Lee"
2025-10-03,08:00,09:30,Court 3,DRILL,ALL_LEVELS,7,8,20,"Alex Rivera; James Wilson; Mike Chen; Chris Taylor; Mark Johnson; Sophie Taylor; David Brown"
2025-10-03,10:00,11:30,Court 2,CLINIC,BEGINNER,5,12,25,"Nora Morgan; Charlotte Davis; Zoey Reed; Brandon Hall; Megan Scott"
2025-10-03,17:00,18:30,Court 1,OPEN_PLAY,ALL_LEVELS,8,8,15,"Anna Garcia; Donna Johnson; Jake Rodriguez; Kevin Lee; Tom Rivera; Emma Johnson; Lisa Park; Rachel Kim"
2025-10-03,18:30,20:00,Court 2,SOCIAL,ALL_LEVELS,12,16,10,"Alex Rivera; Sarah Mitchell; James Wilson; Rachel Kim; Chris Taylor; Mike Chen; Mark Johnson; Sophie Taylor; Emma Johnson; Kevin Lee; Anna Garcia; David Brown"
2025-10-04,06:00,07:30,Court 1,OPEN_PLAY,ALL_LEVELS,4,8,15,"Sarah Mitchell; James Wilson; Alex Rivera; Rachel Kim"
2025-10-04,08:00,09:30,Court 2,OPEN_PLAY,ALL_LEVELS,6,8,15,"Mike Chen; Chris Taylor; Tom Rivera; Emma Johnson; Lisa Park; David Brown"
2025-10-04,10:00,11:30,Court 3,CLINIC,INTERMEDIATE,4,8,25,"James Wilson; Rachel Kim; Alex Rivera; Sarah Mitchell"
2025-10-04,17:00,18:30,Court 1,OPEN_PLAY,ALL_LEVELS,8,8,15,"Kevin Lee; Anna Garcia; Donna Johnson; Mark Johnson; Sophie Taylor; Jake Rodriguez; Nora Morgan; Brandon Hall"
2025-10-04,17:00,18:30,Court 2,OPEN_PLAY,ALL_LEVELS,7,8,15,"Sarah Mitchell; James Wilson; Rachel Kim; Alex Rivera; Mike Chen; Chris Taylor; Tom Rivera"
2025-10-04,18:30,20:00,Court 4,LEAGUE_PLAY,ADVANCED,8,8,12,"James Wilson; Rachel Kim; Alex Rivera; Sarah Mitchell; Mike Chen; Chris Taylor; Mark Johnson; David Brown"
2025-10-05,08:00,09:30,Court 1,OPEN_PLAY,ALL_LEVELS,8,8,15,"Sarah Mitchell; James Wilson; Rachel Kim; Alex Rivera; Emma Johnson; Tom Rivera; Kevin Lee; Anna Garcia"
2025-10-05,08:00,09:30,Court 2,OPEN_PLAY,ALL_LEVELS,8,8,15,"Mike Chen; Chris Taylor; David Brown; Lisa Park; Mark Johnson; Sophie Taylor; Donna Johnson; Jake Rodriguez"
2025-10-05,10:00,11:30,Court 3,DRILL,ALL_LEVELS,6,8,20,"Alex Rivera; James Wilson; Rachel Kim; Sarah Mitchell; Mike Chen; Chris Taylor"
2025-10-05,10:00,11:30,Court 4,SOCIAL,ALL_LEVELS,14,16,10,"Emma Johnson; Tom Rivera; Kevin Lee; Anna Garcia; David Brown; Lisa Park; Donna Johnson; Jake Rodriguez; Nora Morgan; Charlotte Davis; Zoey Reed; Brandon Hall; Megan Scott; Mark Johnson"
2025-10-05,12:00,13:30,Court 1,CLINIC,BEGINNER,10,12,25,"Nora Morgan; Charlotte Davis; Zoey Reed; Brandon Hall; Megan Scott; Donna Johnson; Kevin Lee; Anna Garcia; Jake Rodriguez; Lisa Park"
2025-10-05,14:00,15:30,Court 2,OPEN_PLAY,ALL_LEVELS,6,8,15,"Sarah Mitchell; James Wilson; Rachel Kim; Alex Rivera; Sophie Taylor; Mark Johnson"
2025-10-05,17:00,18:30,Court 1,OPEN_PLAY,ALL_LEVELS,8,8,15,"Mike Chen; Chris Taylor; Tom Rivera; Emma Johnson; David Brown; Kevin Lee; Anna Garcia; Donna Johnson"
2025-10-06,08:00,09:30,Court 1,OPEN_PLAY,ALL_LEVELS,7,8,15,"Sarah Mitchell; James Wilson; Rachel Kim; Alex Rivera; Emma Johnson; Tom Rivera; Mike Chen"
2025-10-06,08:00,09:30,Court 2,OPEN_PLAY,ALL_LEVELS,5,8,15,"Chris Taylor; David Brown; Lisa Park; Mark Johnson; Sophie Taylor"
2025-10-06,10:00,11:30,Court 3,SOCIAL,ALL_LEVELS,11,16,10,"Kevin Lee; Anna Garcia; Donna Johnson; Jake Rodriguez; Nora Morgan; Charlotte Davis; Zoey Reed; Brandon Hall; Megan Scott; Emma Johnson; Tom Rivera"
2025-10-06,12:00,13:30,Court 1,OPEN_PLAY,ALL_LEVELS,4,8,15,"Alex Rivera; Sarah Mitchell; James Wilson; Rachel Kim"
2025-10-07,06:00,07:30,Court 1,OPEN_PLAY,ALL_LEVELS,6,8,15,"Sarah Mitchell; James Wilson; Rachel Kim; Alex Rivera; Mike Chen; Chris Taylor"
2025-10-07,08:00,09:30,Court 2,CLINIC,BEGINNER,7,12,25,"Nora Morgan; Charlotte Davis; Zoey Reed; Brandon Hall; Megan Scott; Jake Rodriguez; Donna Johnson"
2025-10-07,17:00,18:30,Court 1,OPEN_PLAY,ALL_LEVELS,8,8,15,"Kevin Lee; Anna Garcia; Tom Rivera; Emma Johnson; David Brown; Lisa Park; Mark Johnson; Sophie Taylor"
2025-10-07,18:30,20:00,Court 3,LEAGUE_PLAY,ADVANCED,8,8,12,"James Wilson; Rachel Kim; Alex Rivera; Sarah Mitchell; Mike Chen; Chris Taylor; Mark Johnson; David Brown"
2025-11-01,06:00,07:30,Court 1,OPEN_PLAY,ALL_LEVELS,7,8,15,"Alex Rivera; Sarah Mitchell; James Wilson; Rachel Kim; Mike Chen; Chris Taylor; Tom Rivera"
2025-11-01,08:00,09:30,Court 2,CLINIC,BEGINNER,9,12,25,"Nora Morgan; Charlotte Davis; Zoey Reed; Brandon Hall; Megan Scott; Jake Rodriguez; Donna Johnson; Kevin Lee; Anna Garcia"
2025-11-01,10:00,11:30,Court 3,DRILL,INTERMEDIATE,6,8,20,"James Wilson; Rachel Kim; Alex Rivera; Sarah Mitchell; Mike Chen; Chris Taylor"
2025-11-01,17:00,18:30,Court 1,OPEN_PLAY,ALL_LEVELS,8,8,15,"Kevin Lee; Anna Garcia; Tom Rivera; Emma Johnson; David Brown; Lisa Park; Sophie Taylor; Mark Johnson"
2025-11-01,17:00,18:30,Court 2,OPEN_PLAY,ALL_LEVELS,8,8,15,"Alex Rivera; Sarah Mitchell; James Wilson; Rachel Kim; Donna Johnson; Jake Rodriguez; Nora Morgan; Zoey Reed"
2025-11-01,18:30,20:00,Court 4,SOCIAL,ALL_LEVELS,13,16,10,"Sarah Mitchell; James Wilson; Rachel Kim; Alex Rivera; Mike Chen; Chris Taylor; Emma Johnson; Tom Rivera; Kevin Lee; Anna Garcia; David Brown; Mark Johnson; Sophie Taylor"
2025-11-02,06:00,07:30,Court 1,OPEN_PLAY,ALL_LEVELS,5,8,15,"Sarah Mitchell; James Wilson; Rachel Kim; Alex Rivera; Mike Chen"
2025-11-02,08:00,09:30,Court 3,DRILL,ALL_LEVELS,7,8,20,"Chris Taylor; Tom Rivera; Emma Johnson; David Brown; Lisa Park; Mark Johnson; Sophie Taylor"
2025-11-02,17:00,18:30,Court 1,OPEN_PLAY,ALL_LEVELS,8,8,15,"Kevin Lee; Anna Garcia; Donna Johnson; Jake Rodriguez; Nora Morgan; Brandon Hall; Megan Scott; Charlotte Davis"
2025-11-02,18:30,20:00,Court 2,LEAGUE_PLAY,ADVANCED,8,8,12,"James Wilson; Rachel Kim; Alex Rivera; Sarah Mitchell; Mike Chen; Chris Taylor; Mark Johnson; David Brown"
2025-11-03,08:00,09:30,Court 1,OPEN_PLAY,ALL_LEVELS,8,8,15,"Alex Rivera; Sarah Mitchell; James Wilson; Rachel Kim; Tom Rivera; Emma Johnson; Kevin Lee; Anna Garcia"
2025-11-03,08:00,09:30,Court 2,OPEN_PLAY,ALL_LEVELS,7,8,15,"Mike Chen; Chris Taylor; David Brown; Lisa Park; Mark Johnson; Sophie Taylor; Donna Johnson"
2025-11-03,10:00,11:30,Court 3,CLINIC,BEGINNER,11,12,25,"Nora Morgan; Charlotte Davis; Zoey Reed; Brandon Hall; Megan Scott; Jake Rodriguez; Kevin Lee; Anna Garcia; Donna Johnson; Lisa Park; Tom Rivera"
2025-11-03,12:00,13:30,Court 4,SOCIAL,ALL_LEVELS,15,16,10,"Alex Rivera; Sarah Mitchell; James Wilson; Rachel Kim; Mike Chen; Chris Taylor; Emma Johnson; Tom Rivera; Kevin Lee; Anna Garcia; David Brown; Lisa Park; Mark Johnson; Sophie Taylor; Donna Johnson"
2025-11-05,06:00,07:30,Court 1,OPEN_PLAY,ALL_LEVELS,6,8,15,"Sarah Mitchell; James Wilson; Rachel Kim; Alex Rivera; Mike Chen; Chris Taylor"
2025-11-05,08:00,09:30,Court 2,DRILL,INTERMEDIATE,5,8,20,"James Wilson; Rachel Kim; Alex Rivera; Sarah Mitchell; Mike Chen"
2025-11-05,17:00,18:30,Court 1,OPEN_PLAY,ALL_LEVELS,8,8,15,"Kevin Lee; Anna Garcia; Tom Rivera; Emma Johnson; David Brown; Lisa Park; Mark Johnson; Sophie Taylor"
2025-11-05,17:00,18:30,Court 2,OPEN_PLAY,ALL_LEVELS,7,8,15,"Donna Johnson; Jake Rodriguez; Nora Morgan; Zoey Reed; Brandon Hall; Megan Scott; Charlotte Davis"
2025-11-05,18:30,20:00,Court 3,LEAGUE_PLAY,ADVANCED,8,8,12,"James Wilson; Rachel Kim; Alex Rivera; Sarah Mitchell; Mike Chen; Chris Taylor; Mark Johnson; David Brown"
2025-11-08,08:00,09:30,Court 1,OPEN_PLAY,ALL_LEVELS,8,8,15,"Sarah Mitchell; James Wilson; Rachel Kim; Alex Rivera; Emma Johnson; Tom Rivera; Kevin Lee; Anna Garcia"
2025-11-08,08:00,09:30,Court 2,OPEN_PLAY,ALL_LEVELS,8,8,15,"Mike Chen; Chris Taylor; David Brown; Lisa Park; Mark Johnson; Sophie Taylor; Donna Johnson; Jake Rodriguez"
2025-11-08,10:00,11:30,Court 3,DRILL,ALL_LEVELS,6,8,20,"Alex Rivera; James Wilson; Rachel Kim; Sarah Mitchell; Mike Chen; Chris Taylor"
2025-11-08,10:00,11:30,Court 4,SOCIAL,ALL_LEVELS,14,16,10,"Emma Johnson; Tom Rivera; Kevin Lee; Anna Garcia; David Brown; Lisa Park; Donna Johnson; Jake Rodriguez; Nora Morgan; Charlotte Davis; Zoey Reed; Brandon Hall; Megan Scott; Sophie Taylor"
2025-11-08,12:00,13:30,Court 1,CLINIC,BEGINNER,10,12,25,"Nora Morgan; Charlotte Davis; Zoey Reed; Brandon Hall; Megan Scott; Donna Johnson; Kevin Lee; Anna Garcia; Jake Rodriguez; Lisa Park"
2025-11-08,17:00,18:30,Court 1,OPEN_PLAY,ALL_LEVELS,8,8,15,"Sarah Mitchell; James Wilson; Rachel Kim; Alex Rivera; Tom Rivera; Emma Johnson; Mike Chen; Chris Taylor"
2025-12-01,06:00,07:30,Court 1,OPEN_PLAY,ALL_LEVELS,6,8,15,"Alex Rivera; Sarah Mitchell; James Wilson; Rachel Kim; Mike Chen; Tom Rivera"
2025-12-01,08:00,09:30,Court 2,CLINIC,BEGINNER,8,12,25,"Nora Morgan; Charlotte Davis; Zoey Reed; Brandon Hall; Megan Scott; Jake Rodriguez; Donna Johnson; Kevin Lee"
2025-12-01,10:00,11:30,Court 3,DRILL,INTERMEDIATE,5,8,20,"James Wilson; Rachel Kim; Alex Rivera; Sarah Mitchell; Mike Chen"
2025-12-01,17:00,18:30,Court 1,OPEN_PLAY,ALL_LEVELS,8,8,15,"Kevin Lee; Anna Garcia; Tom Rivera; Emma Johnson; David Brown; Lisa Park; Mark Johnson; Sophie Taylor"
2025-12-01,18:30,20:00,Court 4,SOCIAL,ALL_LEVELS,12,16,10,"Alex Rivera; Sarah Mitchell; James Wilson; Rachel Kim; Chris Taylor; Mike Chen; Emma Johnson; Tom Rivera; Kevin Lee; Anna Garcia; David Brown; Mark Johnson"
2025-12-03,06:00,07:30,Court 1,OPEN_PLAY,ALL_LEVELS,5,8,15,"Sarah Mitchell; James Wilson; Rachel Kim; Alex Rivera; Chris Taylor"
2025-12-03,08:00,09:30,Court 2,DRILL,ALL_LEVELS,7,8,20,"Mike Chen; Tom Rivera; Emma Johnson; David Brown; Lisa Park; Mark Johnson; Sophie Taylor"
2025-12-03,17:00,18:30,Court 1,OPEN_PLAY,ALL_LEVELS,8,8,15,"Kevin Lee; Anna Garcia; Donna Johnson; Jake Rodriguez; Nora Morgan; Brandon Hall; Zoey Reed; Charlotte Davis"
2025-12-03,18:30,20:00,Court 3,LEAGUE_PLAY,ADVANCED,8,8,12,"James Wilson; Rachel Kim; Alex Rivera; Sarah Mitchell; Mike Chen; Chris Taylor; Mark Johnson; David Brown"
2025-12-06,08:00,09:30,Court 1,OPEN_PLAY,ALL_LEVELS,8,8,15,"Sarah Mitchell; James Wilson; Rachel Kim; Alex Rivera; Emma Johnson; Tom Rivera; Kevin Lee; Anna Garcia"
2025-12-06,08:00,09:30,Court 2,OPEN_PLAY,ALL_LEVELS,7,8,15,"Mike Chen; Chris Taylor; David Brown; Lisa Park; Mark Johnson; Sophie Taylor; Donna Johnson"
2025-12-06,10:00,11:30,Court 3,CLINIC,BEGINNER,10,12,25,"Nora Morgan; Charlotte Davis; Zoey Reed; Brandon Hall; Megan Scott; Jake Rodriguez; Kevin Lee; Anna Garcia; Donna Johnson; Lisa Park"
2025-12-06,10:00,11:30,Court 4,SOCIAL,ALL_LEVELS,14,16,10,"Emma Johnson; Tom Rivera; Kevin Lee; Anna Garcia; David Brown; Lisa Park; Donna Johnson; Jake Rodriguez; Nora Morgan; Charlotte Davis; Zoey Reed; Brandon Hall; Megan Scott; Sophie Taylor"
2025-12-06,17:00,18:30,Court 1,OPEN_PLAY,ALL_LEVELS,8,8,15,"Alex Rivera; Sarah Mitchell; James Wilson; Rachel Kim; Mike Chen; Chris Taylor; Tom Rivera; Emma Johnson"
2025-12-06,17:00,18:30,Court 2,OPEN_PLAY,ALL_LEVELS,6,8,15,"David Brown; Lisa Park; Mark Johnson; Sophie Taylor; Kevin Lee; Anna Garcia"
2026-01-05,06:00,07:30,Court 1,OPEN_PLAY,ALL_LEVELS,7,8,15,"Alex Rivera; Sarah Mitchell; James Wilson; Rachel Kim; Mike Chen; Chris Taylor; Tom Rivera"
2026-01-05,08:00,09:30,Court 2,CLINIC,BEGINNER,9,12,25,"Nora Morgan; Charlotte Davis; Zoey Reed; Brandon Hall; Megan Scott; Jake Rodriguez; Donna Johnson; Kevin Lee; Anna Garcia"
2026-01-05,10:00,11:30,Court 3,DRILL,INTERMEDIATE,6,8,20,"James Wilson; Rachel Kim; Alex Rivera; Sarah Mitchell; Mike Chen; Chris Taylor"
2026-01-05,12:00,13:30,Court 4,SOCIAL,ALL_LEVELS,13,16,10,"Emma Johnson; Tom Rivera; Kevin Lee; Anna Garcia; David Brown; Lisa Park; Donna Johnson; Jake Rodriguez; Nora Morgan; Charlotte Davis; Brandon Hall; Mark Johnson; Sophie Taylor"
2026-01-05,17:00,18:30,Court 1,OPEN_PLAY,ALL_LEVELS,8,8,15,"Sarah Mitchell; James Wilson; Rachel Kim; Alex Rivera; Emma Johnson; Tom Rivera; Kevin Lee; Anna Garcia"
2026-01-05,17:00,18:30,Court 2,OPEN_PLAY,ALL_LEVELS,8,8,15,"Mike Chen; Chris Taylor; David Brown; Lisa Park; Mark Johnson; Sophie Taylor; Donna Johnson; Jake Rodriguez"
2026-01-07,06:00,07:30,Court 1,OPEN_PLAY,ALL_LEVELS,5,8,15,"Sarah Mitchell; James Wilson; Rachel Kim; Alex Rivera; Mike Chen"
2026-01-07,08:00,09:30,Court 2,DRILL,ALL_LEVELS,6,8,20,"Chris Taylor; Tom Rivera; Emma Johnson; David Brown; Lisa Park; Mark Johnson"
2026-01-07,17:00,18:30,Court 1,OPEN_PLAY,ALL_LEVELS,8,8,15,"Kevin Lee; Anna Garcia; Donna Johnson; Jake Rodriguez; Nora Morgan; Brandon Hall; Zoey Reed; Megan Scott"
2026-01-07,18:30,20:00,Court 3,LEAGUE_PLAY,ADVANCED,8,8,12,"James Wilson; Rachel Kim; Alex Rivera; Sarah Mitchell; Mike Chen; Chris Taylor; Mark Johnson; David Brown"
2026-01-10,08:00,09:30,Court 1,OPEN_PLAY,ALL_LEVELS,8,8,15,"Alex Rivera; Sarah Mitchell; James Wilson; Rachel Kim; Emma Johnson; Tom Rivera; Kevin Lee; Anna Garcia"
2026-01-10,08:00,09:30,Court 2,OPEN_PLAY,ALL_LEVELS,8,8,15,"Mike Chen; Chris Taylor; David Brown; Lisa Park; Mark Johnson; Sophie Taylor; Donna Johnson; Jake Rodriguez"
2026-01-10,10:00,11:30,Court 3,CLINIC,BEGINNER,11,12,25,"Nora Morgan; Charlotte Davis; Zoey Reed; Brandon Hall; Megan Scott; Jake Rodriguez; Kevin Lee; Anna Garcia; Donna Johnson; Lisa Park; Tom Rivera"
2026-01-10,10:00,11:30,Court 4,DRILL,INTERMEDIATE,5,8,20,"James Wilson; Rachel Kim; Alex Rivera; Sarah Mitchell; Mike Chen"
2026-01-10,17:00,18:30,Court 1,OPEN_PLAY,ALL_LEVELS,8,8,15,"Chris Taylor; Tom Rivera; Emma Johnson; David Brown; Sophie Taylor; Mark Johnson; Kevin Lee; Anna Garcia"
2026-02-02,06:00,07:30,Court 1,OPEN_PLAY,ALL_LEVELS,7,8,15,"Alex Rivera; Sarah Mitchell; James Wilson; Rachel Kim; Mike Chen; Chris Taylor; Tom Rivera"
2026-02-02,08:00,09:30,Court 2,CLINIC,BEGINNER,10,12,25,"Nora Morgan; Charlotte Davis; Zoey Reed; Brandon Hall; Megan Scott; Jake Rodriguez; Donna Johnson; Kevin Lee; Anna Garcia; Lisa Park"
2026-02-02,10:00,11:30,Court 3,DRILL,INTERMEDIATE,7,8,20,"James Wilson; Rachel Kim; Alex Rivera; Sarah Mitchell; Mike Chen; Chris Taylor; David Brown"
2026-02-02,12:00,13:30,Court 4,SOCIAL,ALL_LEVELS,15,16,10,"Emma Johnson; Tom Rivera; Kevin Lee; Anna Garcia; David Brown; Lisa Park; Donna Johnson; Jake Rodriguez; Nora Morgan; Charlotte Davis; Zoey Reed; Brandon Hall; Megan Scott; Mark Johnson; Sophie Taylor"
2026-02-02,17:00,18:30,Court 1,OPEN_PLAY,ALL_LEVELS,8,8,15,"Sarah Mitchell; James Wilson; Rachel Kim; Alex Rivera; Emma Johnson; Tom Rivera; Kevin Lee; Anna Garcia"
2026-02-02,17:00,18:30,Court 2,OPEN_PLAY,ALL_LEVELS,8,8,15,"Mike Chen; Chris Taylor; David Brown; Lisa Park; Mark Johnson; Sophie Taylor; Donna Johnson; Jake Rodriguez"
2026-02-04,06:00,07:30,Court 1,OPEN_PLAY,ALL_LEVELS,6,8,15,"Sarah Mitchell; James Wilson; Rachel Kim; Alex Rivera; Mike Chen; Chris Taylor"
2026-02-04,08:00,09:30,Court 2,DRILL,ALL_LEVELS,5,8,20,"Tom Rivera; Emma Johnson; David Brown; Lisa Park; Mark Johnson"
2026-02-04,17:00,18:30,Court 1,OPEN_PLAY,ALL_LEVELS,8,8,15,"Kevin Lee; Anna Garcia; Donna Johnson; Jake Rodriguez; Nora Morgan; Brandon Hall; Zoey Reed; Charlotte Davis"
2026-02-04,18:30,20:00,Court 3,LEAGUE_PLAY,ADVANCED,8,8,12,"James Wilson; Rachel Kim; Alex Rivera; Sarah Mitchell; Mike Chen; Chris Taylor; Mark Johnson; David Brown"
2026-02-07,08:00,09:30,Court 1,OPEN_PLAY,ALL_LEVELS,8,8,15,"Alex Rivera; Sarah Mitchell; James Wilson; Rachel Kim; Emma Johnson; Tom Rivera; Kevin Lee; Anna Garcia"
2026-02-07,08:00,09:30,Court 2,OPEN_PLAY,ALL_LEVELS,8,8,15,"Mike Chen; Chris Taylor; David Brown; Lisa Park; Mark Johnson; Sophie Taylor; Donna Johnson; Jake Rodriguez"
2026-02-07,10:00,11:30,Court 3,CLINIC,BEGINNER,10,12,25,"Nora Morgan; Charlotte Davis; Zoey Reed; Brandon Hall; Megan Scott; Jake Rodriguez; Kevin Lee; Anna Garcia; Donna Johnson; Lisa Park"
2026-02-07,10:00,11:30,Court 4,SOCIAL,ALL_LEVELS,14,16,10,"Emma Johnson; Tom Rivera; David Brown; Lisa Park; Donna Johnson; Jake Rodriguez; Nora Morgan; Charlotte Davis; Zoey Reed; Brandon Hall; Megan Scott; Sophie Taylor; Mark Johnson; Kevin Lee"
2026-02-07,17:00,18:30,Court 1,OPEN_PLAY,ALL_LEVELS,8,8,15,"Sarah Mitchell; James Wilson; Rachel Kim; Alex Rivera; Mike Chen; Chris Taylor; Tom Rivera; Emma Johnson"
2026-03-02,06:00,07:30,Court 1,OPEN_PLAY,ALL_LEVELS,7,8,15,"Alex Rivera; Sarah Mitchell; James Wilson; Rachel Kim; Mike Chen; Chris Taylor; Tom Rivera"
2026-03-02,08:00,09:30,Court 2,CLINIC,BEGINNER,11,12,25,"Nora Morgan; Charlotte Davis; Zoey Reed; Brandon Hall; Megan Scott; Jake Rodriguez; Donna Johnson; Kevin Lee; Anna Garcia; Lisa Park; Tom Rivera"
2026-03-02,10:00,11:30,Court 3,DRILL,INTERMEDIATE,7,8,20,"James Wilson; Rachel Kim; Alex Rivera; Sarah Mitchell; Mike Chen; Chris Taylor; David Brown"
2026-03-02,12:00,13:30,Court 4,SOCIAL,ALL_LEVELS,16,16,10,"Emma Johnson; Tom Rivera; Kevin Lee; Anna Garcia; David Brown; Lisa Park; Donna Johnson; Jake Rodriguez; Nora Morgan; Charlotte Davis; Zoey Reed; Brandon Hall; Megan Scott; Mark Johnson; Sophie Taylor; Sarah Mitchell"
2026-03-02,17:00,18:30,Court 1,OPEN_PLAY,ALL_LEVELS,8,8,15,"James Wilson; Rachel Kim; Alex Rivera; Emma Johnson; Tom Rivera; Kevin Lee; Anna Garcia; Mike Chen"
2026-03-02,17:00,18:30,Court 2,OPEN_PLAY,ALL_LEVELS,8,8,15,"Chris Taylor; David Brown; Lisa Park; Mark Johnson; Sophie Taylor; Donna Johnson; Jake Rodriguez; Nora Morgan"
2026-03-04,06:00,07:30,Court 1,OPEN_PLAY,ALL_LEVELS,6,8,15,"Sarah Mitchell; James Wilson; Rachel Kim; Alex Rivera; Mike Chen; Chris Taylor"
2026-03-04,08:00,09:30,Court 2,DRILL,ALL_LEVELS,6,8,20,"Tom Rivera; Emma Johnson; David Brown; Lisa Park; Mark Johnson; Sophie Taylor"
2026-03-04,17:00,18:30,Court 1,OPEN_PLAY,ALL_LEVELS,8,8,15,"Kevin Lee; Anna Garcia; Donna Johnson; Jake Rodriguez; Nora Morgan; Brandon Hall; Zoey Reed; Charlotte Davis"
2026-03-04,17:00,18:30,Court 2,OPEN_PLAY,ALL_LEVELS,7,8,15,"Sarah Mitchell; James Wilson; Rachel Kim; Alex Rivera; Mike Chen; Chris Taylor; Tom Rivera"
2026-03-04,18:30,20:00,Court 3,LEAGUE_PLAY,ADVANCED,8,8,12,"James Wilson; Rachel Kim; Alex Rivera; Sarah Mitchell; Mike Chen; Chris Taylor; Mark Johnson; David Brown"
2026-03-07,08:00,09:30,Court 1,OPEN_PLAY,ALL_LEVELS,8,8,15,"Alex Rivera; Sarah Mitchell; James Wilson; Rachel Kim; Emma Johnson; Tom Rivera; Kevin Lee; Anna Garcia"
2026-03-07,08:00,09:30,Court 2,OPEN_PLAY,ALL_LEVELS,8,8,15,"Mike Chen; Chris Taylor; David Brown; Lisa Park; Mark Johnson; Sophie Taylor; Donna Johnson; Jake Rodriguez"
2026-03-07,10:00,11:30,Court 3,CLINIC,BEGINNER,12,12,25,"Nora Morgan; Charlotte Davis; Zoey Reed; Brandon Hall; Megan Scott; Jake Rodriguez; Kevin Lee; Anna Garcia; Donna Johnson; Lisa Park; Tom Rivera; Emma Johnson"
2026-03-07,10:00,11:30,Court 4,DRILL,INTERMEDIATE,8,8,20,"James Wilson; Rachel Kim; Alex Rivera; Sarah Mitchell; Mike Chen; Chris Taylor; Mark Johnson; David Brown"
2026-03-07,12:00,13:30,Court 5,SOCIAL,ALL_LEVELS,16,16,10,"Emma Johnson; Tom Rivera; Kevin Lee; Anna Garcia; David Brown; Lisa Park; Donna Johnson; Jake Rodriguez; Nora Morgan; Charlotte Davis; Zoey Reed; Brandon Hall; Megan Scott; Mark Johnson; Sophie Taylor; Sarah Mitchell"
2026-03-07,17:00,18:30,Court 1,OPEN_PLAY,ALL_LEVELS,8,8,15,"Sarah Mitchell; James Wilson; Rachel Kim; Alex Rivera; Mike Chen; Chris Taylor; Tom Rivera; Emma Johnson"
2026-03-07,17:00,18:30,Court 2,OPEN_PLAY,ALL_LEVELS,8,8,15,"Kevin Lee; Anna Garcia; David Brown; Lisa Park; Mark Johnson; Sophie Taylor; Donna Johnson; Jake Rodriguez"
2026-03-07,18:30,20:00,Court 3,LEAGUE_PLAY,ADVANCED,8,8,12,"James Wilson; Rachel Kim; Alex Rivera; Sarah Mitchell; Mike Chen; Chris Taylor; Mark Johnson; David Brown"
2026-03-10,06:00,07:30,Court 1,OPEN_PLAY,ALL_LEVELS,7,8,15,"Alex Rivera; Sarah Mitchell; James Wilson; Rachel Kim; Mike Chen; Chris Taylor; Emma Johnson"
2026-03-10,08:00,09:30,Court 2,CLINIC,BEGINNER,9,12,25,"Nora Morgan; Charlotte Davis; Zoey Reed; Brandon Hall; Megan Scott; Jake Rodriguez; Donna Johnson; Kevin Lee; Anna Garcia"
2026-03-10,10:00,11:30,Court 3,DRILL,INTERMEDIATE,6,8,20,"James Wilson; Rachel Kim; Alex Rivera; Sarah Mitchell; Mike Chen; Chris Taylor"
2026-03-10,17:00,18:30,Court 1,OPEN_PLAY,ALL_LEVELS,8,8,15,"Tom Rivera; Emma Johnson; Kevin Lee; Anna Garcia; David Brown; Lisa Park; Mark Johnson; Sophie Taylor"
2026-03-10,17:00,18:30,Court 2,OPEN_PLAY,ALL_LEVELS,8,8,15,"Donna Johnson; Jake Rodriguez; Nora Morgan; Zoey Reed; Brandon Hall; Charlotte Davis; Megan Scott; Sarah Mitchell"
2026-03-10,18:30,20:00,Court 4,SOCIAL,ALL_LEVELS,13,16,10,"Alex Rivera; James Wilson; Rachel Kim; Mike Chen; Chris Taylor; Emma Johnson; Tom Rivera; Kevin Lee; Anna Garcia; David Brown; Mark Johnson; Sophie Taylor; Lisa Park"
2026-03-14,08:00,09:30,Court 1,OPEN_PLAY,ALL_LEVELS,8,8,15,"Sarah Mitchell; James Wilson; Rachel Kim; Alex Rivera; Emma Johnson; Tom Rivera; Kevin Lee; Anna Garcia"
2026-03-14,08:00,09:30,Court 2,OPEN_PLAY,ALL_LEVELS,8,8,15,"Mike Chen; Chris Taylor; David Brown; Lisa Park; Mark Johnson; Sophie Taylor; Donna Johnson; Jake Rodriguez"
2026-03-14,10:00,11:30,Court 3,DRILL,ALL_LEVELS,8,8,20,"Alex Rivera; James Wilson; Rachel Kim; Sarah Mitchell; Mike Chen; Chris Taylor; Mark Johnson; David Brown"
2026-03-14,10:00,11:30,Court 4,SOCIAL,ALL_LEVELS,16,16,10,"Emma Johnson; Tom Rivera; Kevin Lee; Anna Garcia; David Brown; Lisa Park; Donna Johnson; Jake Rodriguez; Nora Morgan; Charlotte Davis; Zoey Reed; Brandon Hall; Megan Scott; Sophie Taylor; Mark Johnson; Sarah Mitchell"
2026-03-14,12:00,13:30,Court 1,CLINIC,BEGINNER,12,12,25,"Nora Morgan; Charlotte Davis; Zoey Reed; Brandon Hall; Megan Scott; Jake Rodriguez; Kevin Lee; Anna Garcia; Donna Johnson; Lisa Park; Tom Rivera; Emma Johnson"
2026-03-14,14:00,15:30,Court 2,OPEN_PLAY,ALL_LEVELS,6,8,15,"Sarah Mitchell; James Wilson; Rachel Kim; Alex Rivera; Mike Chen; Chris Taylor"
2026-03-14,17:00,18:30,Court 1,OPEN_PLAY,ALL_LEVELS,8,8,15,"Kevin Lee; Anna Garcia; Tom Rivera; Emma Johnson; David Brown; Lisa Park; Mark Johnson; Sophie Taylor"
2026-03-14,17:00,18:30,Court 2,OPEN_PLAY,ALL_LEVELS,8,8,15,"Donna Johnson; Jake Rodriguez; Nora Morgan; Zoey Reed; Brandon Hall; Charlotte Davis; Megan Scott; Alex Rivera"
2026-03-14,18:30,20:00,Court 3,LEAGUE_PLAY,ADVANCED,8,8,12,"James Wilson; Rachel Kim; Alex Rivera; Sarah Mitchell; Mike Chen; Chris Taylor; Mark Johnson; David Brown"
2026-03-17,06:00,07:30,Court 1,OPEN_PLAY,ALL_LEVELS,5,8,15,"Sarah Mitchell; James Wilson; Rachel Kim; Alex Rivera; Mike Chen"
2026-03-17,08:00,09:30,Court 2,DRILL,INTERMEDIATE,7,8,20,"Chris Taylor; Tom Rivera; Emma Johnson; David Brown; Mark Johnson; Sophie Taylor; Lisa Park"
2026-03-17,17:00,18:30,Court 1,OPEN_PLAY,ALL_LEVELS,8,8,15,"Kevin Lee; Anna Garcia; Donna Johnson; Jake Rodriguez; Nora Morgan; Brandon Hall; Zoey Reed; Charlotte Davis"
2026-03-17,17:00,18:30,Court 2,OPEN_PLAY,ALL_LEVELS,7,8,15,"Sarah Mitchell; James Wilson; Rachel Kim; Alex Rivera; Mike Chen; Chris Taylor; Tom Rivera"
2026-03-17,18:30,20:00,Court 3,LEAGUE_PLAY,ADVANCED,8,8,12,"James Wilson; Rachel Kim; Alex Rivera; Sarah Mitchell; Mike Chen; Chris Taylor; Mark Johnson; David Brown"
2026-03-20,06:00,07:30,Court 1,OPEN_PLAY,ALL_LEVELS,6,8,15,"Alex Rivera; Sarah Mitchell; James Wilson; Rachel Kim; Emma Johnson; Tom Rivera"
2026-03-20,08:00,09:30,Court 2,CLINIC,BEGINNER,10,12,25,"Nora Morgan; Charlotte Davis; Zoey Reed; Brandon Hall; Megan Scott; Jake Rodriguez; Donna Johnson; Kevin Lee; Anna Garcia; Lisa Park"
2026-03-20,10:00,11:30,Court 3,DRILL,ALL_LEVELS,6,8,20,"Mike Chen; Chris Taylor; David Brown; Mark Johnson; Sophie Taylor; James Wilson"
2026-03-20,17:00,18:30,Court 1,OPEN_PLAY,ALL_LEVELS,8,8,15,"Sarah Mitchell; Rachel Kim; Alex Rivera; Emma Johnson; Tom Rivera; Kevin Lee; Anna Garcia; Donna Johnson"
2026-03-20,17:00,18:30,Court 2,OPEN_PLAY,ALL_LEVELS,8,8,15,"Mike Chen; Chris Taylor; David Brown; Lisa Park; Mark Johnson; Sophie Taylor; Jake Rodriguez; Nora Morgan"
2026-03-20,18:30,20:00,Court 4,SOCIAL,ALL_LEVELS,14,16,10,"Alex Rivera; Sarah Mitchell; James Wilson; Rachel Kim; Mike Chen; Chris Taylor; Emma Johnson; Tom Rivera; Kevin Lee; Anna Garcia; David Brown; Mark Johnson; Sophie Taylor; Lisa Park"
