division,team,player
3.5 Coed,Go West,James Smith
3.5 Coed,Go West,John Smith
3.5 Coed,Go West,Robert Smith
3.5 Coed,Go West,Michael Smith
3.5 Coed,Go West,William Smith
3.5 Coed,Go West,David Smith
3.5 Coed,Go West,Richard Smith
3.5 Coed,Go West,Joseph Smith
3.5 Coed,3rd Shot,Thomas Smith
3.5 Coed,3rd Shot,Charles Smith
3.5 Coed,3rd Shot,Christopher Smith
3.5 Coed,3rd Shot,Daniel Smith
3.5 Coed,3rd Shot,James Johnson
3.5 Coed,3rd Shot,John Johnson
3.5 Coed,3rd Shot,Robert Johnson
3.5 Coed,3rd Shot,Michael Johnson
3.5 Coed,IPC South,William Johnson
3.5 Coed,IPC South,David Johnson
3.5 Coed,IPC South,Richard Johnson
3.5 Coed,IPC South,Joseph Johnson
3.5 Coed,IPC South,Thomas Johnson
3.5 Coed,IPC South,Charles Johnson
3.5 Coed,IPC South,Christopher Johnson
3.5 Coed,IPC South,Daniel Johnson
3.5 Coed,IPC East,James Williams
3.5 Coed,IPC East,John Williams
3.5 Coed,IPC East,Robert Williams
3.5 Coed,IPC East,Michael Williams
3.5 Coed,IPC East,William Williams
3.5 Coed,IPC East,David Williams
3.5 Coed,IPC East,Richard Williams
3.5 Coed,IPC East,Joseph Williams
3.5 Coed,Dink House,Thomas Williams
3.5 Coed,Dink House,Charles Williams
3.5 Coed,Dink House,Christopher Williams
3.5 Coed,Dink House,Daniel Williams
3.5 Coed,Dink House,James Brown
3.5 Coed,Dink House,John Brown
3.5 Coed,Dink House,Robert Brown
3.5 Coed,Dink House,Michael Brown
3.5 Coed,Pickle on Penn,William Brown
3.5 Coed,Pickle on Penn,David Brown
3.5 Coed,Pickle on Penn,Richard Brown
3.5 Coed,Pickle on Penn,Joseph Brown
3.5 Coed,Pickle on Penn,Thomas Brown
3.5 Coed,Pickle on Penn,Charles Brown
3.5 Coed,Pickle on Penn,Christopher Brown
3.5 Coed,Pickle on Penn,Daniel Brown
4.0 Coed,Go West,James Jones
4.0 Coed,Go West,John Jones
4.0 Coed,Go West,Robert Jones
4.0 Coed,Go West,Michael Jones
4.0 Coed,Go West,William Jones
4.0 Coed,Go West,David Jones
4.0 Coed,Go West,Richard Jones
4.0 Coed,Go West,Joseph Jones
4.0 Coed,3rd Shot,Thomas Jones
4.0 Coed,3rd Shot,Charles Jones
4.0 Coed,3rd Shot,Christopher Jones
4.0 Coed,3rd Shot,Daniel Jones
4.0 Coed,3rd Shot,James Miller
4.0 Coed,3rd Shot,John Miller
4.0 Coed,3rd Shot,Robert Miller
4.0 Coed,3rd Shot,Michael Miller
4.0 Coed,IPC South,William Miller
4.0 Coed,IPC South,David Miller
4.0 Coed,IPC South,Richard Miller
4.0 Coed,IPC South,Joseph Miller
4.0 Coed,IPC South,Thomas Miller
4.0 Coed,IPC South,Charles Miller
4.0 Coed,IPC South,Christopher Miller
4.0 Coed,IPC South,Daniel Miller
4.0 Coed,IPC East,James Davis
4.0 Coed,IPC East,John Davis
4.0 Coed,IPC East,Robert Davis
4.0 Coed,IPC East,Michael Davis
4.0 Coed,IPC East,William Davis
4.0 Coed,IPC East,David Davis
4.0 Coed,IPC East,Richard Davis
4.0 Coed,IPC East,Joseph Davis
4.0 Coed,Dink House,Thomas Davis
4.0 Coed,Dink House,Charles Davis
4.0 Coed,Dink House,Christopher Davis
4.0 Coed,Dink House,Daniel Davis
4.0 Coed,Dink House,James Garcia
4.0 Coed,Dink House,John Garcia
4.0 Coed,Dink House,Robert Garcia
4.0 Coed,Dink House,Michael Garcia
4.0 Coed,Pickle on Penn,William Garcia
4.0 Coed,Pickle on Penn,David Garcia
4.0 Coed,Pickle on Penn,Richard Garcia
4.0 Coed,Pickle on Penn,Joseph Garcia
4.0 Coed,Pickle on Penn,Thomas Garcia
4.0 Coed,Pickle on Penn,Charles Garcia
4.0 Coed,Pickle on Penn,Christopher Garcia
4.0 Coed,Pickle on Penn,Daniel Garcia
